file,date,latitude,longitude,dt
coriolis/2903955/profiles/R2903955_259.nc,20260925105020,23.86,60.027,2026-09-25
aoml/1902284/profiles/R1902284_172.nc,20260925050737,1.49,96.142,2026-09-25
aoml/1902194/profiles/R1902194_305.nc,20260925002841,0.946,80.207,2026-09-25
coriolis/7901023/profiles/R7901023_117.nc,20260924235227,3.467,55.883,2026-09-24
coriolis/3902490/profiles/R3902490_117.nc,20260924170422,0.692,69.303,2026-09-24
aoml/2903145/profiles/R2903145_103.nc,20260924134945,0.556,56.177,2026-09-24
coriolis/6990700/profiles/R6990700_072.nc,20260924100226,22.812,60.368,2026-09-24
aoml/2903149/profiles/R2903149_103.nc,20260924080537,9.083,57.914,2026-09-24
coriolis/6990514/profiles/R6990514_151.nc,20260924070520,15.158,63.194,2026-09-24
coriolis/4903660/profiles/R4903660_151.nc,20260924070317,15.988,62.843,2026-09-24
coriolis/6990503/profiles/R6990503_171.nc,20260924064511,2.779,86.064,2026-09-24
coriolis/1902734/profiles/R1902734_174.nc,20260923223920,18.884,59.409,2026-09-23
aoml/2903142/profiles/R2903142_139.nc,20260923202129,12.054,62.132,2026-09-23
coriolis/2903956/profiles/R2903956_276.nc,20260923145620,20.055,63.031,2026-09-23
bodc/1901897/profiles/R1901897_305.nc,20260923140458,18.146,61.274,2026-09-23
csio/2902771/profiles/R2902771_259.nc,20260923133605,4.778,75.332,2026-09-23
coriolis/1902594/profiles/R1902594_127.nc,20260923113617,8.919,87.036,2026-09-23
coriolis/2903955/profiles/R2903955_258.nc,20260923085320,23.857,60.388,2026-09-23
aoml/2903147/profiles/R2903147_103.nc,20260923063619,12.647,59.181,2026-09-23
csio/2902769/profiles/R2902769_250.nc,20260922233233,2.885,74.764,2026-09-22
csio/2902775/profiles/R2902775_283.nc,20260922231521,7.436,89.02,2026-09-22
csio/2902765/profiles/R2902765_242.nc,20260922153253,10.5,88.337,2026-09-22
aoml/1902625/profiles/R1902625_060.nc,20260922143126,1.678,94.657,2026-09-22
coriolis/5907086/profiles/R5907086_091.nc,20260922115300,4.708,85.11,2026-09-22
incois/2904170/profiles/R2904170_001.nc,20260922060653,8.939,88.508,2026-09-22
coriolis/4903839/profiles/R4903839_251.nc,20260922012620,22.468,66.191,2026-09-22
aoml/2904013/profiles/R2904013_038.nc,20260921235701,3.49,87.504,2026-09-21
incois/2904140/profiles/R2904140_004.nc,20260921225228,11.75,67.183,2026-09-21
incois/3902751/profiles/R3902751_026.nc,20260921173338,10.235,62.564,2026-09-21
coriolis/2903956/profiles/R2903956_275.nc,20260921125520,19.997,62.975,2026-09-21
incois/7902200/profiles/R7902200_079.nc,20260921095701,5.924,69.721,2026-09-21
aoml/1902457/profiles/R1902457_121.nc,20260921095239,5.649,70.977,2026-09-21
incois/5907253/profiles/R5907253_026.nc,20260921090042,10.133,61.967,2026-09-21
incois/3902750/profiles/R3902750_026.nc,20260921082408,8.1,62.607,2026-09-21
coriolis/2903955/profiles/R2903955_257.nc,20260921065220,23.8,60.66,2026-09-21
incois/3902669/profiles/R3902669_059.nc,20260921040912,17.913,64.584,2026-09-21
coriolis/1902734/profiles/R1902734_173.nc,20260920225620,18.759,59.174,2026-09-20
aoml/2903435/profiles/R2903435_096.nc,20260920201351,1.289,95.819,2026-09-20
csio/2902764/profiles/R2902764_247.nc,20260920155704,2.653,76.99,2026-09-20
incois/2904103/profiles/R2904103_020.nc,20260920152039,2.244,80.786,2026-09-20
incois/1902862/profiles/R1902862_020.nc,20260920150633,7.5,73.5,2026-09-20
incois/7902251/profiles/R7902251_063.nc,20260920140608,10.624,89.232,2026-09-20
incois/7902385/profiles/R7902385_025.nc,20260920112815,16.491,67.02,2026-09-20
csio/2902936/profiles/R2902936_071.nc,20260920081827,13.806,63.565,2026-09-20
aoml/1902198/profiles/R1902198_301.nc,20260920013931,4.253,83.07,2026-09-20
incois/2902306/profiles/R2902306_088.nc,20260919225624,21.674,61.355,2026-09-19
bodc/1901898/profiles/R1901898_304.nc,20260919220601,14.828,60.342,2026-09-19
incois/2904083/profiles/R2904083_026.nc,20260919215757,9.874,62.494,2026-09-19
incois/4904037/profiles/R4904037_003.nc,20260919200156,14.133,63.517,2026-09-19
coriolis/7901015/profiles/R7901015_117.nc,20260919185030,0.237,93.956,2026-09-19
incois/7902384/profiles/R7902384_025.nc,20260919180453,15.915,66.227,2026-09-19
coriolis/6903150/profiles/R6903150_148.nc,20260919164620,0.66,90.157,2026-09-19
csio/2902777/profiles/R2902777_245.nc,20260919151938,0.628,92.695,2026-09-19
incois/7902408/profiles/R7902408_019.nc,20260919120701,3.04,81.839,2026-09-19
incois/7902407/profiles/R7902407_019.nc,20260919120647,2.75,81.75,2026-09-19
aoml/1902367/profiles/R1902367_059.nc,20260919115203,6.09,88.99,2026-09-19
incois/3902753/profiles/R3902753_025.nc,20260919114855,16.267,65.163,2026-09-19
coriolis/2903956/profiles/R2903956_274.nc,20260919105320,19.922,62.891,2026-09-19
aoml/1902482/profiles/R1902482_121.nc,20260919104101,4.835,69.075,2026-09-19
incois/2904082/profiles/R2904082_026.nc,20260919090617,10.633,63.583,2026-09-19
incois/4903972/profiles/R4903972_026.nc,20260919085700,9.38,62.995,2026-09-19
aoml/1902455/profiles/R1902455_121.nc,20260919072332,3.109,72.379,2026-09-19
incois/1902927/profiles/R1902927_001.nc,20260919062352,11.512,88.019,2026-09-19
incois/1902926/profiles/R1902926_001.nc,20260919060925,12.694,87.568,2026-09-19
aoml/7902312/profiles/R7902312_038.nc,20260919050828,0.377,85.9,2026-09-19
coriolis/2903955/profiles/R2903955_256.nc,20260919044720,23.749,60.838,2026-09-19
coriolis/3902657/profiles/R3902657_085.nc,20260919040400,20.018,64.321,2026-09-19
incois/3902842/profiles/R3902842_001.nc,20260919031700,10.112,88.494,2026-09-19
aoml/1902289/profiles/R1902289_078.nc,20260919021205,5.708,67.927,2026-09-19
aoml/2903434/profiles/R2903434_088.nc,20260918201656,12.377,87.198,2026-09-18
coriolis/1902751/profiles/R1902751_142.nc,20260918184017,22.172,65.339,2026-09-18
meds/4902623/profiles/R4902623_143.nc,20260918163900,0.03,54.806,2026-09-18
aoml/7902073/profiles/R7902073_042.nc,20260918162735,16.499,88.281,2026-09-18
incois/7901136/profiles/R7901136_121.nc,20260918132000,15.836,68.306,2026-09-18
aoml/2903137/profiles/R2903137_138.nc,20260918112823,5.841,49.226,2026-09-18
coriolis/4903794/profiles/R4903794_072.nc,20260918104120,7.844,86.0,2026-09-18
coriolis/7901016/profiles/R7901016_114.nc,20260918094430,13.392,60.743,2026-09-18
incois/1902844/profiles/R1902844_026.nc,20260918085555,10.067,66.267,2026-09-18
coriolis/1902756/profiles/R1902756_057.nc,20260918065320,16.621,56.364,2026-09-18
csio/2902768/profiles/R2902768_241.nc,20260918052503,10.976,83.266,2026-09-18
csio/2902772/profiles/R2902772_240.nc,20260918052101,12.86,83.087,2026-09-18
csio/2902770/profiles/R2902770_240.nc,20260918052054,8.735,85.807,2026-09-18
aoml/7902069/profiles/R7902069_043.nc,20260918043539,13.917,84.91,2026-09-18
coriolis/1902734/profiles/R1902734_172.nc,20260917225120,18.813,59.01,2026-09-17
incois/1902845/profiles/R1902845_026.nc,20260917224658,10.922,68.023,2026-09-17
coriolis/1902581/profiles/R1902581_117.nc,20260917185330,0.995,75.831,2026-09-17
coriolis/1902681/profiles/R1902681_090.nc,20260917164100,8.454,81.839,2026-09-17
incois/5907171/profiles/R5907171_058.nc,20260917142110,14.933,85.833,2026-09-17
incois/4903869/profiles/R4903869_057.nc,20260917141407,15.217,89.35,2026-09-17
incois/4903783/profiles/R4903783_097.nc,20260917133300,5.158,70.194,2026-09-17
incois/3902581/profiles/R3902581_106.nc,20260917133000,2.083,83.985,2026-09-17
incois/5907092/profiles/R5907092_119.nc,20260917132500,13.674,62.894,2026-09-17
coriolis/4903793/profiles/R4903793_072.nc,20260917105720,5.517,92.229,2026-09-17
aoml/2903138/profiles/R2903138_138.nc,20260917094216,6.468,64.419,2026-09-17
coriolis/2903956/profiles/R2903956_273.nc,20260917090320,19.855,62.79,2026-09-17
incois/7902459/profiles/R7902459_002.nc,20260917090138,16.702,67.955,2026-09-17
aoml/1902373/profiles/R1902373_082.nc,20260917085710,14.456,92.044,2026-09-17
coriolis/1902755/profiles/R1902755_052.nc,20260917075020,14.969,69.522,2026-09-17
coriolis/5907167/profiles/R5907167_052.nc,20260917075020,14.969,69.522,2026-09-17
incois/2904172/profiles/R2904172_001.nc,20260917074656,13.939,87.078,2026-09-17
aoml/2903831/profiles/R2903831_065.nc,20260917073807,16.604,88.979,2026-09-17
incois/2904169/profiles/R2904169_001.nc,20260917061156,13.85,85.55,2026-09-17
coriolis/2903955/profiles/R2903955_255.nc,20260917025720,23.699,60.965,2026-09-17
aoml/2903140/profiles/R2903140_138.nc,20260917012149,7.853,69.037,2026-09-17
incois/3902755/profiles/R3902755_025.nc,20260916230329,14.81,63.525,2026-09-16
incois/6990705/profiles/R6990705_057.nc,20260916135813,6.65,82.617,2026-09-16
aoml/1902286/profiles/R1902286_078.nc,20260916131138,5.355,58.403,2026-09-16
aoml/5907152/profiles/R5907152_042.nc,20260916104215,16.573,91.556,2026-09-16
incois/7902458/profiles/R7902458_002.nc,20260916091200,16.967,65.583,2026-09-16
incois/5907180/profiles/R5907180_058.nc,20260916085601,17.217,70.817,2026-09-16
coriolis/1902660/profiles/R1902660_078.nc,20260916073034,23.595,61.752,2026-09-16
incois/1902925/profiles/R1902925_001.nc,20260916060955,13.467,84.233,2026-09-16
coriolis/6990514/profiles/R6990514_150.nc,20260915070321,15.083,63.178,2026-09-15
coriolis/4903660/profiles/R4903660_150.nc,20260915070117,15.739,62.916,2026-09-15
coriolis/2903956/profiles/R2903956_272.nc,20260915065920,19.798,62.711,2026-09-15
coriolis/6990503/profiles/R6990503_170.nc,20260915065514,2.023,85.357,2026-09-15
coriolis/7901023/profiles/R7901023_116.nc,20260915053549,3.258,56.305,2026-09-15
coriolis/2903955/profiles/R2903955_254.nc,20260915004820,23.635,61.039,2026-09-15
aoml/1902284/profiles/R1902284_171.nc,20260914232736,1.746,96.019,2026-09-14
coriolis/1902734/profiles/R1902734_171.nc,20260914224620,19.014,59.003,2026-09-14
coriolis/3902490/profiles/R3902490_116.nc,20260914224352,0.497,69.756,2026-09-14
aoml/1902194/profiles/R1902194_304.nc,20260914185517,1.25,81.47,2026-09-14
aoml/1902291/profiles/R1902291_079.nc,20260914182531,0.82,79.83,2026-09-14
incois/6990610/profiles/R6990610_108.nc,20260914140904,21.45,62.55,2026-09-14
incois/1902672/profiles/R1902672_108.nc,20260914140444,17.533,64.55,2026-09-14
incois/7901128/profiles/R7901128_108.nc,20260914140316,15.833,65.35,2026-09-14
coriolis/6990700/profiles/R6990700_071.nc,20260914100225,23.623,58.99,2026-09-14
incois/5907328/profiles/R5907328_002.nc,20260914090828,17.871,63.84,2026-09-14
csio/2902936/profiles/D2902936_070.nc,20260914081657,13.836,63.465,2026-09-14
aoml/2903145/profiles/R2903145_102.nc,20260914073558,1.018,55.087,2026-09-14
aoml/2903149/profiles/R2903149_102.nc,20260914012915,9.456,57.627,2026-09-14
incois/5907326/profiles/R5907326_002.nc,20260914010415,19.935,65.23,2026-09-14
coriolis/1902594/profiles/R1902594_126.nc,20260913172646,8.921,86.775,2026-09-13
incois/3902754/profiles/R3902754_025.nc,20260913163220,13.297,62.439,2026-09-13
incois/1902669/profiles/R1902669_110.nc,20260913141155,14.467,91.233,2026-09-13
incois/1902671/profiles/R1902671_108.nc,20260913140749,18.0,69.0,2026-09-13
incois/5907083/profiles/R5907083_110.nc,20260913140356,12.433,89.017,2026-09-13
incois/4903775/profiles/R4903775_110.nc,20260913140018,13.364,87.931,2026-09-13
bodc/1901897/profiles/R1901897_304.nc,20260913113959,17.951,61.704,2026-09-13
csio/2902771/profiles/R2902771_258.nc,20260913113655,5.563,74.977,2026-09-13
aoml/2903142/profiles/R2903142_138.nc,20260913103949,12.194,62.372,2026-09-13
csio/2902769/profiles/R2902769_249.nc,20260913092413,2.172,74.299,2026-09-13
coriolis/2903956/profiles/R2903956_271.nc,20260913045720,19.72,62.627,2026-09-13
incois/2904141/profiles/R2904141_003.nc,20260913040023,9.67,64.968,2026-09-13
aoml/2903147/profiles/R2903147_102.nc,20260913000754,12.091,59.277,2026-09-13
coriolis/2903955/profiles/R2903955_253.nc,20260912225520,23.58,61.095,2026-09-12
csio/2902775/profiles/R2902775_282.nc,20260912212948,7.319,88.82,2026-09-12
aoml/1902625/profiles/R1902625_059.nc,20260912185458,1.07,95.086,2026-09-12
coriolis/5907086/profiles/R5907086_090.nc,20260912164700,5.081,85.617,2026-09-12
incois/5907254/profiles/R5907254_025.nc,20260912140928,13.917,61.6,2026-09-12
incois/7902383/profiles/R7902383_025.nc,20260912140844,13.103,63.781,2026-09-12
incois/6990715/profiles/R6990715_057.nc,20260912135821,11.75,69.267,2026-09-12
incois/5907082/profiles/R5907082_110.nc,20260912135355,14.817,83.567,2026-09-12
csio/2902765/profiles/R2902765_241.nc,20260912132033,10.39,88.411,2026-09-12
incois/2904104/profiles/R2904104_019.nc,20260912120156,1.95,82.95,2026-09-12
csio/2902766/profiles/R2902766_249.nc,20260912094403,17.26,89.597,2026-09-12
coriolis/4903839/profiles/R4903839_250.nc,20260912053420,22.51,66.142,2026-09-12
aoml/2904013/profiles/R2904013_037.nc,20260911233526,3.487,87.363,2026-09-11
coriolis/1902734/profiles/R1902734_170.nc,20260911224520,19.266,59.16,2026-09-11
aoml/1902458/profiles/R1902458_119.nc,20260911220548,10.27,63.045,2026-09-11
incois/3902751/profiles/R3902751_025.nc,20260911210342,10.281,62.152,2026-09-11
incois/7902200/profiles/R7902200_078.nc,20260911121415,5.877,69.764,2026-09-11
incois/3902750/profiles/R3902750_025.nc,20260911114415,7.946,62.185,2026-09-11
aoml/1902457/profiles/R1902457_120.nc,20260911093648,5.38,71.002,2026-09-11
aoml/2903435/profiles/R2903435_095.nc,20260911065530,1.017,96.015,2026-09-11
coriolis/2903956/profiles/R2903956_270.nc,20260911030320,19.646,62.521,2026-09-11
coriolis/2903955/profiles/R2903955_252.nc,20260910205220,23.519,61.121,2026-09-10
incois/2904103/profiles/R2904103_019.nc,20260910202202,2.367,80.333,2026-09-10
incois/1902862/profiles/R1902862_019.nc,20260910200619,7.878,73.516,2026-09-10
incois/7902251/profiles/R7902251_062.nc,20260910140803,10.35,88.967,2026-09-10
incois/7902249/profiles/R7902249_062.nc,20260910140627,13.667,81.433,2026-09-10
incois/7902385/profiles/R7902385_024.nc,20260910140401,16.036,67.435,2026-09-10
csio/2902764/profiles/R2902764_246.nc,20260910140054,2.754,76.583,2026-09-10
incois/1902670/profiles/R1902670_109.nc,20260910013303,11.217,80.317,2026-09-10
incois/2902306/profiles/R2902306_087.nc,20260910012343,20.98,60.882,2026-09-10
incois/4904037/profiles/R4904037_002.nc,20260910010435,14.25,63.283,2026-09-10
incois/2904083/profiles/R2904083_025.nc,20260910010048,9.611,62.417,2026-09-10
coriolis/7901015/profiles/R7901015_116.nc,20260909235830,0.361,93.887,2026-09-09
incois/7902384/profiles/R7902384_024.nc,20260909214737,15.795,66.323,2026-09-09
bodc/1901898/profiles/R1901898_303.nc,20260909211022,15.639,60.125,2026-09-09
aoml/1902367/profiles/R1902367_058.nc,20260909202654,5.731,88.848,2026-09-09
aoml/1902198/profiles/R1902198_300.nc,20260909201006,3.86,82.341,2026-09-09
incois/7902170/profiles/R7902170_089.nc,20260909170726,0.176,80.413,2026-09-09
incois/7902408/profiles/R7902408_018.nc,20260909170255,3.331,81.106,2026-09-09
incois/7902407/profiles/R7902407_018.nc,20260909170015,3.042,81.289,2026-09-09
incois/3902753/profiles/R3902753_024.nc,20260909153443,16.42,65.29,2026-09-09
incois/7902248/profiles/R7902248_062.nc,20260909141004,11.1,86.95,2026-09-09
incois/5907140/profiles/R5907140_062.nc,20260909140637,5.689,82.503,2026-09-09
incois/2904082/profiles/R2904082_025.nc,20260909140155,10.267,63.433,2026-09-09
incois/4903972/profiles/R4903972_025.nc,20260909135351,9.119,62.865,2026-09-09
csio/2902777/profiles/R2902777_244.nc,20260909133056,0.874,91.877,2026-09-09
coriolis/6903150/profiles/R6903150_147.nc,20260909115120,0.354,89.2,2026-09-09
coriolis/3902657/profiles/R3902657_084.nc,20260909084330,20.22,64.087,2026-09-09
aoml/1902455/profiles/R1902455_120.nc,20260909073801,2.936,72.097,2026-09-09
aoml/7902312/profiles/R7902312_037.nc,20260909050359,0.849,85.13,2026-09-09
aoml/1902482/profiles/R1902482_120.nc,20260909042822,5.06,69.012,2026-09-09
aoml/1902289/profiles/R1902289_077.nc,20260909025117,5.555,67.622,2026-09-09
coriolis/2903956/profiles/R2903956_269.nc,20260909005720,19.557,62.412,2026-09-09
coriolis/1902751/profiles/R1902751_141.nc,20260909000812,22.154,65.245,2026-09-09
aoml/2903466/profiles/R2903466_117.nc,20260909000313,0.222,75.286,2026-09-09
coriolis/2903955/profiles/R2903955_251.nc,20260908185020,23.468,61.113,2026-09-08
coriolis/4903794/profiles/R4903794_071.nc,20260908154520,7.743,85.346,2026-09-08
coriolis/7901016/profiles/R7901016_113.nc,20260908145630,13.077,60.664,2026-09-08
incois/2903895/profiles/R2903895_096.nc,20260908141349,10.9,57.817,2026-09-08
incois/2903988/profiles/R2903988_060.nc,20260908141051,12.73,88.895,2026-09-08
incois/1902844/profiles/R1902844_025.nc,20260908140411,9.853,65.997,2026-09-08
aoml/2903434/profiles/R2903434_087.nc,20260908134810,12.698,87.119,2026-09-08
incois/5907179/profiles/R5907179_057.nc,20260908134421,10.261,60.803,2026-09-08
incois/7901136/profiles/R7901136_120.nc,20260908132800,15.704,68.511,2026-09-08
coriolis/1902756/profiles/R1902756_056.nc,20260908114620,16.815,56.388,2026-09-08
csio/2902936/profiles/D2902936_069.nc,20260908081428,13.909,63.415,2026-09-08
aoml/7902073/profiles/R7902073_041.nc,20260908051801,17.668,88.209,2026-09-08
incois/4903973/profiles/R4903973_024.nc,20260908050203,16.775,66.018,2026-09-08
aoml/2903137/profiles/R2903137_137.nc,20260908041047,5.843,49.179,2026-09-08
csio/2902768/profiles/R2902768_240.nc,20260908033018,11.358,81.408,2026-09-08
csio/2902772/profiles/R2902772_239.nc,20260908032558,11.604,83.653,2026-09-08
csio/2902770/profiles/R2902770_239.nc,20260908031821,8.969,85.866,2026-09-08
aoml/7902069/profiles/R7902069_042.nc,20260908014615,13.413,84.78,2026-09-08
coriolis/1902581/profiles/R1902581_116.nc,20260907235230,1.097,76.324,2026-09-07
coriolis/1902681/profiles/R1902681_089.nc,20260907213600,8.865,82.622,2026-09-07
incois/5907280/profiles/R5907280_018.nc,20260907170526,0.1,85.1,2026-09-07
coriolis/4903793/profiles/R4903793_071.nc,20260907155720,5.307,91.934,2026-09-07
incois/7902459/profiles/R7902459_001.nc,20260907142753,16.983,68.0,2026-09-07
incois/4903869/profiles/R4903869_056.nc,20260907142259,15.317,89.367,2026-09-07
incois/6990608/profiles/R6990608_123.nc,20260907141244,8.2,86.217,2026-09-07
incois/2903892/profiles/R2903892_109.nc,20260907141220,16.15,86.867,2026-09-07
incois/5907171/profiles/R5907171_057.nc,20260907140610,14.222,85.806,2026-09-07
incois/4903777/profiles/R4903777_096.nc,20260907135851,8.535,64.768,2026-09-07
incois/5907092/profiles/R5907092_118.nc,20260907132500,13.911,62.609,2026-09-07
incois/4903783/profiles/R4903783_096.nc,20260907132300,5.441,70.197,2026-09-07
incois/3902581/profiles/R3902581_105.nc,20260907131900,2.967,83.963,2026-09-07
coriolis/1902755/profiles/R1902755_051.nc,20260907124620,14.776,69.574,2026-09-07
coriolis/5907167/profiles/R5907167_051.nc,20260907124620,14.776,69.574,2026-09-07
aoml/2903831/profiles/R2903831_064.nc,20260907033046,17.052,89.375,2026-09-07
aoml/2903138/profiles/R2903138_137.nc,20260907032334,6.488,64.11,2026-09-07
aoml/1902373/profiles/R1902373_081.nc,20260907030853,14.375,92.02,2026-09-07
incois/3902755/profiles/R3902755_024.nc,20260907002504,14.773,63.41,2026-09-07
coriolis/2903956/profiles/R2903956_268.nc,20260906225920,19.498,62.278,2026-09-06
aoml/2903140/profiles/R2903140_137.nc,20260906185643,7.741,68.576,2026-09-06
coriolis/2903955/profiles/R2903955_250.nc,20260906170320,23.422,61.097,2026-09-06
incois/7902458/profiles/R7902458_001.nc,20260906142259,16.817,65.75,2026-09-06
incois/7901127/profiles/R7901127_109.nc,20260906141243,12.167,91.567,2026-09-06
incois/2903954/profiles/R2903954_062.nc,20260906141151,0.0,91.467,2026-09-06
incois/5907180/profiles/R5907180_057.nc,20260906140731,17.23,70.708,2026-09-06
incois/6990609/profiles/R6990609_109.nc,20260906140530,5.217,81.1,2026-09-06
incois/6990611/profiles/R6990611_107.nc,20260906140433,21.167,67.183,2026-09-06
incois/6990705/profiles/R6990705_056.nc,20260906140245,6.927,83.032,2026-09-06
incois/5907138/profiles/R5907138_066.nc,20260906135805,2.55,84.817,2026-09-06
aoml/1902286/profiles/R1902286_077.nc,20260906125948,5.524,58.002,2026-09-06
coriolis/1902660/profiles/R1902660_077.nc,20260906125859,23.916,61.659,2026-09-06
aoml/2903464/profiles/R2903464_114.nc,20260906085531,0.183,84.229,2026-09-06
incois/4904036/profiles/R4904036_002.nc,20260906085503,13.103,63.534,2026-09-06
coriolis/4903660/profiles/R4903660_149.nc,20260906070317,15.816,62.666,2026-09-06
coriolis/6990514/profiles/R6990514_149.nc,20260906065321,15.008,62.871,2026-09-06
coriolis/6990503/profiles/R6990503_169.nc,20260906064714,2.0,84.985,2026-09-06
aoml/5907152/profiles/R5907152_041.nc,20260906034136,16.536,91.767,2026-09-06
coriolis/1902734/profiles/R1902734_168.nc,20260905225220,19.616,59.823,2026-09-05
incois/3902774/profiles/R3902774_018.nc,20260905170535,0.036,75.911,2026-09-05
incois/2903891/profiles/R2903891_109.nc,20260905143740,10.041,88.868,2026-09-05
incois/7901126/profiles/R7901126_109.nc,20260905140933,13.667,91.583,2026-09-05
incois/6990678/profiles/R6990678_066.nc,20260905140654,4.633,74.983,2026-09-05
incois/7902242/profiles/R7902242_066.nc,20260905140555,4.527,82.879,2026-09-05
incois/4903776/profiles/R4903776_109.nc,20260905140150,10.6,88.65,2026-09-05
coriolis/7901023/profiles/R7901023_115.nc,20260905112122,2.352,56.115,2026-09-05
incois/2904142/profiles/R2904142_002.nc,20260905085815,11.623,62.664,2026-09-05
coriolis/3902490/profiles/R3902490_115.nc,20260905042655,0.551,69.713,2026-09-05
coriolis/2903956/profiles/R2903956_267.nc,20260904205320,19.491,62.137,2026-09-04
aoml/1902284/profiles/R1902284_170.nc,20260904190023,1.444,96.167,2026-09-04
aoml/1902291/profiles/R1902291_078.nc,20260904181209,0.629,80.882,2026-09-04
coriolis/2903955/profiles/R2903955_249.nc,20260904145420,23.365,61.085,2026-09-04
incois/6990610/profiles/R6990610_107.nc,20260904141233,21.667,62.767,2026-09-04
aoml/1902194/profiles/R1902194_303.nc,20260904141233,1.528,82.101,2026-09-04
incois/7901128/profiles/R7901128_107.nc,20260904140252,15.796,65.256,2026-09-04
incois/5907084/profiles/R5907084_107.nc,20260904140001,17.067,64.983,2026-09-04
coriolis/6990700/profiles/R6990700_070.nc,20260904095825,24.174,58.234,2026-09-04
incois/5907326/profiles/R5907326_001.nc,20260904060440,19.785,64.955,2026-09-04
aoml/2903145/profiles/R2903145_101.nc,20260904011638,0.321,53.984,2026-09-04
coriolis/1902594/profiles/R1902594_125.nc,20260903230025,9.112,86.795,2026-09-03
csio/2902769/profiles/R2902769_248.nc,20260903192243,2.064,74.161,2026-09-03
incois/3902754/profiles/R3902754_024.nc,20260903190933,13.321,62.4,2026-09-03
aoml/2903149/profiles/R2903149_101.nc,20260903160254,9.938,57.756,2026-09-03
incois/1902669/profiles/R1902669_109.nc,20260903142453,14.255,91.261,2026-09-03
incois/5907083/profiles/R5907083_109.nc,20260903141347,12.397,88.933,2026-09-03
bodc/1901897/profiles/R1901897_303.nc,20260903140242,17.907,62.043,2026-09-03
csio/2902771/profiles/R2902771_257.nc,20260903091406,5.956,74.969,2026-09-03
incois/2904141/profiles/R2904141_002.nc,20260903085905,9.917,64.917,2026-09-03
aoml/2903142/profiles/R2903142_137.nc,20260903010357,12.277,62.681,2026-09-03
aoml/1902625/profiles/R1902625_058.nc,20260902232500,0.854,95.276,2026-09-02
coriolis/1902734/profiles/R1902734_167.nc,20260902224120,19.732,60.204,2026-09-02
coriolis/5907086/profiles/R5907086_089.nc,20260902215500,5.57,86.063,2026-09-02
csio/2902766/profiles/R2902766_248.nc,20260902194301,17.547,89.897,2026-09-02
csio/2902775/profiles/R2902775_281.nc,20260902192046,6.986,88.937,2026-09-02
incois/6990715/profiles/R6990715_056.nc,20260902190622,11.75,68.95,2026-09-02
incois/7902383/profiles/R7902383_024.nc,20260902190518,13.251,63.765,2026-09-02
coriolis/2903956/profiles/R2903956_266.nc,20260902185720,19.49,62.012,2026-09-02
incois/5907254/profiles/R5907254_024.nc,20260902185026,13.583,61.417,2026-09-02
aoml/2903147/profiles/R2903147_101.nc,20260902174426,11.954,59.328,2026-09-02
incois/2904104/profiles/R2904104_018.nc,20260902170815,2.517,82.917,2026-09-02
incois/5907082/profiles/R5907082_109.nc,20260902135514,14.767,82.883,2026-09-02
coriolis/2903955/profiles/R2903955_248.nc,20260902124820,23.314,60.997,2026-09-02
csio/2902765/profiles/R2902765_240.nc,20260902112804,10.398,88.486,2026-09-02
incois/2904140/profiles/R2904140_002.nc,20260902091834,11.365,66.864,2026-09-02
csio/2902936/profiles/D2902936_068.nc,20260902081657,14.018,63.4,2026-09-02
coriolis/4903839/profiles/R4903839_249.nc,20260902031720,22.555,66.529,2026-09-02
incois/3902751/profiles/R3902751_024.nc,20260902003507,10.164,61.917,2026-09-02
aoml/1902458/profiles/R1902458_118.nc,20260901215111,10.06,62.761,2026-09-01
aoml/2904013/profiles/R2904013_036.nc,20260901212947,3.511,86.955,2026-09-01
incois/5907253/profiles/R5907253_024.nc,20260901190621,9.634,61.951,2026-09-01
aoml/2903435/profiles/R2903435_094.nc,20260901174801,0.584,96.046,2026-09-01
incois/3902750/profiles/R3902750_024.nc,20260901151429,8.228,61.508,2026-09-01
incois/7902200/profiles/R7902200_077.nc,20260901143028,5.944,69.713,2026-09-01
aoml/1902457/profiles/R1902457_119.nc,20260901082343,5.463,71.129,2026-09-01
incois/2904103/profiles/R2904103_018.nc,20260901010432,1.617,80.317,2026-09-01
incois/7902385/profiles/R7902385_023.nc,20260831170626,15.724,67.889,2026-08-31
coriolis/2903956/profiles/R2903956_265.nc,20260831165820,19.484,61.872,2026-08-31
incois/7902251/profiles/R7902251_061.nc,20260831140913,10.35,88.85,2026-08-31
incois/2903893/profiles/R2903893_097.nc,20260831140727,1.23,78.161,2026-08-31
incois/7902249/profiles/R7902249_061.nc,20260831140650,13.438,81.88,2026-08-31
csio/2902764/profiles/R2902764_245.nc,20260831120052,2.769,76.729,2026-08-31
coriolis/2903955/profiles/R2903955_247.nc,20260831104620,23.227,60.867,2026-08-31
incois/4904037/profiles/R4904037_001.nc,20260831061250,14.617,62.867,2026-08-31
coriolis/7901015/profiles/R7901015_115.nc,20260831051630,1.099,93.61,2026-08-31
incois/2904083/profiles/R2904083_024.nc,20260831041213,9.405,62.365,2026-08-31
incois/2902306/profiles/R2902306_086.nc,20260831031238,21.545,60.107,2026-08-31
incois/1902670/profiles/R1902670_108.nc,20260831031133,11.167,80.383,2026-08-31
incois/7902384/profiles/R7902384_023.nc,20260831011941,15.712,66.381,2026-08-31
coriolis/4903839/profiles/R4903839_248.nc,20260831005020,22.525,66.669,2026-08-31
coriolis/1902734/profiles/R1902734_166.nc,20260830224220,19.744,60.542,2026-08-30
incois/7902408/profiles/R7902408_017.nc,20260830221230,3.333,80.583,2026-08-30
incois/7902407/profiles/R7902407_017.nc,20260830221226,2.933,80.85,2026-08-30
bodc/1901898/profiles/R1901898_302.nc,20260830220421,15.804,59.717,2026-08-30
incois/3902753/profiles/R3902753_023.nc,20260830191754,16.443,65.52,2026-08-30
incois/2904082/profiles/R2904082_024.nc,20260830185856,9.783,63.167,2026-08-30
incois/4903972/profiles/R4903972_024.nc,20260830185234,8.85,62.833,2026-08-30
incois/6990716/profiles/R6990716_056.nc,20260830184619,11.35,67.517,2026-08-30
aoml/1902198/profiles/R1902198_299.nc,20260830145716,3.796,81.035,2026-08-30
incois/7902248/profiles/R7902248_061.nc,20260830141803,11.364,87.213,2026-08-30
incois/5907327/profiles/R5907327_001.nc,20260830141543,15.767,63.117,2026-08-30
coriolis/3902657/profiles/R3902657_083.nc,20260830140600,20.543,64.029,2026-08-30
incois/5907140/profiles/R5907140_061.nc,20260830140419,5.917,82.45,2026-08-30
incois/6990612/profiles/R6990612_105.nc,20260830135103,13.35,67.1,2026-08-30
csio/2902777/profiles/R2902777_243.nc,20260830113305,0.6,91.13,2026-08-30
aoml/1902367/profiles/R1902367_057.nc,20260830090236,5.344,88.808,2026-08-30
aoml/1902455/profiles/R1902455_119.nc,20260830085204,2.447,72.397,2026-08-30
aoml/4903899/profiles/R4903899_036.nc,20260830073501,1.632,82.047,2026-08-30
coriolis/6903150/profiles/R6903150_146.nc,20260830065220,0.199,88.418,2026-08-30
coriolis/1902751/profiles/R1902751_140.nc,20260830052846,22.208,65.249,2026-08-30
aoml/7902312/profiles/R7902312_036.nc,20260830045737,0.817,85.145,2026-08-30
aoml/1902289/profiles/R1902289_076.nc,20260830021941,5.336,67.522,2026-08-30
aoml/2903466/profiles/R2903466_116.nc,20260829235128,0.321,75.434,2026-08-29
aoml/1902482/profiles/R1902482_119.nc,20260829220401,4.973,68.889,2026-08-29
coriolis/4903794/profiles/R4903794_070.nc,20260829204620,7.044,84.896,2026-08-29
coriolis/7901016/profiles/R7901016_112.nc,20260829195330,12.966,60.483,2026-08-29
incois/1902844/profiles/R1902844_024.nc,20260829190439,9.782,65.915,2026-08-29
incois/5907179/profiles/R5907179_056.nc,20260829185325,10.417,61.067,2026-08-29
coriolis/1902756/profiles/R1902756_055.nc,20260829165320,17.031,56.321,2026-08-29
coriolis/2903956/profiles/R2903956_264.nc,20260829145520,19.464,61.742,2026-08-29
incois/3902573/profiles/R3902573_095.nc,20260829141055,11.071,69.804,2026-08-29
incois/2903895/profiles/R2903895_095.nc,20260829140126,11.15,58.067,2026-08-29
incois/2903988/profiles/R2903988_059.nc,20260829135902,13.15,88.617,2026-08-29
incois/7901136/profiles/R7901136_119.nc,20260829132900,15.582,68.808,2026-08-29
coriolis/2903955/profiles/R2903955_246.nc,20260829084620,23.112,60.666,2026-08-29
aoml/2903434/profiles/R2903434_086.nc,20260829071131,13.038,87.03,2026-08-29
incois/4903973/profiles/R4903973_023.nc,20260829064940,16.463,66.211,2026-08-29
incois/1902845/profiles/R1902845_024.nc,20260829053947,10.772,68.262,2026-08-29
coriolis/1902581/profiles/R1902581_115.nc,20260829045430,1.068,76.309,2026-08-29
coriolis/1902681/profiles/R1902681_088.nc,20260829024500,8.325,81.984,2026-08-29
csio/2902768/profiles/R2902768_239.nc,20260829013043,11.985,80.625,2026-08-29
csio/2902770/profiles/R2902770_238.nc,20260829012121,9.044,86.224,2026-08-29
csio/2902772/profiles/R2902772_238.nc,20260829011833,11.354,81.393,2026-08-29
aoml/7902069/profiles/R7902069_041.nc,20260828233604,13.9,84.733,2026-08-28
coriolis/4903839/profiles/R4903839_247.nc,20260828232420,22.382,66.794,2026-08-28
coriolis/4903793/profiles/R4903793_070.nc,20260828204420,4.915,91.724,2026-08-28
aoml/2903137/profiles/R2903137_136.nc,20260828202812,5.818,49.167,2026-08-28
aoml/7902073/profiles/R7902073_040.nc,20260828183234,17.761,89.271,2026-08-28
coriolis/1902755/profiles/R1902755_050.nc,20260828175420,14.516,69.594,2026-08-28
coriolis/5907167/profiles/R5907167_050.nc,20260828175420,14.516,69.594,2026-08-28
incois/4903869/profiles/R4903869_055.nc,20260828143034,17.982,88.149,2026-08-28
incois/4903777/profiles/R4903777_095.nc,20260828140426,8.617,64.783,2026-08-28
incois/2903892/profiles/R2903892_108.nc,20260828140132,15.55,86.9,2026-08-28
incois/3902581/profiles/R3902581_104.nc,20260828132900,3.263,83.466,2026-08-28
incois/5907092/profiles/R5907092_117.nc,20260828132400,13.85,62.429,2026-08-28
incois/4903783/profiles/R4903783_095.nc,20260828132000,5.559,69.997,2026-08-28
aoml/1902373/profiles/R1902373_080.nc,20260828090626,14.211,91.853,2026-08-28
coriolis/6990514/profiles/R6990514_148.nc,20260828070719,15.241,62.52,2026-08-28
coriolis/4903660/profiles/R4903660_148.nc,20260828070517,16.424,62.309,2026-08-28
coriolis/6990503/profiles/R6990503_168.nc,20260828064714,1.98,84.992,2026-08-28
incois/3902755/profiles/R3902755_023.nc,20260828023018,15.054,63.082,2026-08-28
aoml/2903831/profiles/R2903831_063.nc,20260827232537,17.515,89.393,2026-08-27
coriolis/1902734/profiles/R1902734_165.nc,20260827224920,19.737,60.858,2026-08-27
aoml/2903138/profiles/R2903138_136.nc,20260827210706,6.167,64.154,2026-08-27
incois/5907180/profiles/R5907180_056.nc,20260827190822,17.188,70.637,2026-08-27
coriolis/1902660/profiles/R1902660_076.nc,20260827183047,24.201,61.823,2026-08-27
incois/4904036/profiles/R4904036_001.nc,20260827143156,13.483,63.517,2026-08-27
incois/7901127/profiles/R7901127_108.nc,20260827141901,12.139,91.581,2026-08-27
incois/6990611/profiles/R6990611_106.nc,20260827141204,21.067,67.317,2026-08-27
incois/6990705/profiles/R6990705_055.nc,20260827140901,7.383,83.683,2026-08-27
incois/5907138/profiles/R5907138_065.nc,20260827140149,3.05,84.8,2026-08-27
incois/6990609/profiles/R6990609_108.nc,20260827134425,6.7,82.233,2026-08-27
aoml/1902286/profiles/R1902286_076.nc,20260827132224,4.253,57.89,2026-08-27
coriolis/2903956/profiles/R2903956_263.nc,20260827125320,19.447,61.648,2026-08-27
aoml/2903140/profiles/R2903140_136.nc,20260827123621,7.485,68.469,2026-08-27
csio/2902936/profiles/D2902936_067.nc,20260827081534,14.235,63.443,2026-08-27
coriolis/2903955/profiles/R2903955_245.nc,20260827065320,22.994,60.486,2026-08-27
coriolis/4903839/profiles/R4903839_246.nc,20260826233120,22.221,66.859,2026-08-26
incois/3902775/profiles/R3902775_017.nc,20260826221002,0.083,77.283,2026-08-26
incois/3902774/profiles/R3902774_017.nc,20260826220955,0.45,75.6,2026-08-26
coriolis/7901023/profiles/R7901023_114.nc,20260826171241,2.072,55.847,2026-08-26
aoml/5907152/profiles/R5907152_040.nc,20260826162113,16.43,91.865,2026-08-26
incois/4903776/profiles/R4903776_108.nc,20260826142309,10.867,88.867,2026-08-26
incois/7901126/profiles/R7901126_108.nc,20260826141635,13.586,91.775,2026-08-26
incois/2904142/profiles/R2904142_001.nc,20260826141155,11.7,62.85,2026-08-26
incois/7902242/profiles/R7902242_065.nc,20260826140759,4.381,81.9,2026-08-26
incois/6990678/profiles/R6990678_065.nc,20260826140026,4.883,74.717,2026-08-26
coriolis/3902490/profiles/R3902490_114.nc,20260826101012,0.4,69.397,2026-08-26
aoml/1902291/profiles/R1902291_077.nc,20260825184128,0.311,81.75,2026-08-25
incois/7901125/profiles/R7901125_108.nc,20260825141727,15.433,92.7,2026-08-25
incois/6990610/profiles/R6990610_106.nc,20260825140552,21.667,63.067,2026-08-25
incois/7901128/profiles/R7901128_106.nc,20260825140543,15.817,65.017,2026-08-25
incois/1902672/profiles/R1902672_106.nc,20260825140437,17.646,64.666,2026-08-25
incois/5907084/profiles/R5907084_106.nc,20260825140219,17.45,65.283,2026-08-25
aoml/1902284/profiles/R1902284_169.nc,20260825125945,0.665,96.484,2026-08-25
coriolis/2903956/profiles/R2903956_262.nc,20260825105120,19.437,61.568,2026-08-25
coriolis/6990700/profiles/R6990700_069.nc,20260825100026,24.416,58.068,2026-08-25
aoml/1902194/profiles/R1902194_302.nc,20260825084302,1.387,83.269,2026-08-25
csio/2902769/profiles/R2902769_247.nc,20260825053003,2.431,74.434,2026-08-25
coriolis/1902594/profiles/R1902594_124.nc,20260825045715,9.353,87.059,2026-08-25
coriolis/2903955/profiles/R2903955_244.nc,20260825045020,22.904,60.34,2026-08-25
coriolis/1902734/profiles/R1902734_164.nc,20260824225920,19.771,61.12,2026-08-24
incois/3902754/profiles/R3902754_023.nc,20260824221120,13.052,62.564,2026-08-24
coriolis/4903839/profiles/R4903839_245.nc,20260824214020,22.045,66.874,2026-08-24
incois/2904141/profiles/R2904141_001.nc,20260824190716,9.963,64.985,2026-08-24
aoml/2903145/profiles/R2903145_100.nc,20260824185001,0.338,52.861,2026-08-24
incois/4903775/profiles/R4903775_108.nc,20260824142103,14.35,88.083,2026-08-24
incois/1902671/profiles/R1902671_106.nc,20260824141303,17.967,69.15,2026-08-24
incois/5907083/profiles/R5907083_108.nc,20260824135825,12.717,88.817,2026-08-24
bodc/1901897/profiles/R1901897_302.nc,20260824113743,17.867,62.143,2026-08-24
aoml/2903149/profiles/R2903149_100.nc,20260824093610,10.245,57.299,2026-08-24
csio/2902771/profiles/R2902771_256.nc,20260824072711,6.238,74.809,2026-08-24
csio/2902766/profiles/R2902766_247.nc,20260824053820,17.784,90.17,2026-08-24
aoml/1902625/profiles/R1902625_057.nc,20260824034324,0.555,95.345,2026-08-24
coriolis/5907086/profiles/R5907086_088.nc,20260824024500,5.707,86.191,2026-08-24
incois/7902383/profiles/R7902383_023.nc,20260824000306,13.626,63.716,2026-08-24
incois/5907254/profiles/R5907254_023.nc,20260823235744,13.217,61.083,2026-08-23
incois/6990715/profiles/R6990715_055.nc,20260823235421,11.483,68.517,2026-08-23
incois/2904104/profiles/R2904104_017.nc,20260823215109,2.462,82.638,2026-08-23
csio/2902775/profiles/R2902775_280.nc,20260823173401,6.737,89.065,2026-08-23
aoml/2903142/profiles/R2903142_136.nc,20260823152532,12.337,63.055,2026-08-23
incois/5907082/profiles/R5907082_108.nc,20260823140129,15.6,82.367,2026-08-23
aoml/2903147/profiles/R2903147_100.nc,20260823111240,11.825,59.36,2026-08-23
csio/2902765/profiles/R2902765_239.nc,20260823092358,10.603,88.686,2026-08-23
coriolis/2903956/profiles/R2903956_261.nc,20260823085020,19.421,61.506,2026-08-23
aoml/2903435/profiles/R2903435_093.nc,20260823043044,0.117,96.206,2026-08-23
incois/3902751/profiles/R3902751_023.nc,20260823041341,10.108,61.795,2026-08-23
coriolis/2903955/profiles/R2903955_243.nc,20260823025620,22.882,60.226,2026-08-23
incois/5907253/profiles/R5907253_023.nc,20260823000349,9.524,61.837,2026-08-23
aoml/1902458/profiles/R1902458_117.nc,20260822224802,10.173,62.532,2026-08-22
coriolis/4903839/profiles/R4903839_244.nc,20260822215420,21.933,66.837,2026-08-22
incois/3902669/profiles/R3902669_056.nc,20260822190355,17.833,63.95,2026-08-22
incois/3902750/profiles/R3902750_023.nc,20260822183134,8.267,60.581,2026-08-22
aoml/2904013/profiles/R2904013_035.nc,20260822180238,3.522,86.635,2026-08-22
incois/7902200/profiles/R7902200_076.nc,20260822170237,5.627,69.567,2026-08-22
incois/2903989/profiles/R2903989_056.nc,20260822135851,10.6,83.683,2026-08-22
incois/5907085/profiles/R5907085_104.nc,20260822135810,8.367,68.533,2026-08-22
aoml/1902457/profiles/R1902457_118.nc,20260822083817,5.362,71.227,2026-08-22
incois/1902862/profiles/R1902862_017.nc,20260822061031,6.617,74.0,2026-08-22
incois/2904103/profiles/R2904103_017.nc,20260822060716,1.701,80.934,2026-08-22
incois/7902287/profiles/R7902287_055.nc,20260822001055,9.451,69.836,2026-08-22
coriolis/1902734/profiles/R1902734_163.nc,20260821230320,19.831,61.316,2026-08-21
incois/7902385/profiles/R7902385_022.nc,20260821201032,15.478,68.219,2026-08-21
incois/1902670/profiles/R1902670_107.nc,20260821142246,11.438,80.719,2026-08-21
incois/7902249/profiles/R7902249_060.nc,20260821141749,13.517,82.583,2026-08-21
incois/7902251/profiles/R7902251_060.nc,20260821141234,10.567,88.967,2026-08-21
incois/2903893/profiles/R2903893_096.nc,20260821141006,1.317,76.4,2026-08-21
incois/1902673/profiles/R1902673_104.nc,20260821140406,11.922,70.635,2026-08-21
csio/2902764/profiles/R2902764_244.nc,20260821095602,2.82,76.72,2026-08-21
coriolis/7901015/profiles/R7901015_114.nc,20260821095230,1.263,93.576,2026-08-21
csio/2902936/profiles/D2902936_066.nc,20260821081433,14.419,63.321,2026-08-21
incois/2904083/profiles/R2904083_023.nc,20260821074802,9.371,62.163,2026-08-21
coriolis/2903956/profiles/R2903956_260.nc,20260821065520,19.411,61.452,2026-08-21
incois/2902306/profiles/R2902306_085.nc,20260821051303,21.423,60.85,2026-08-21
incois/7902384/profiles/R7902384_022.nc,20260821051045,15.721,66.283,2026-08-21
incois/7902408/profiles/R7902408_016.nc,20260821030309,3.5,80.317,2026-08-21
incois/7902407/profiles/R7902407_016.nc,20260821025601,3.1,80.8,2026-08-21
coriolis/2903955/profiles/R2903955_242.nc,20260821005020,22.917,60.126,2026-08-21
incois/6990716/profiles/R6990716_055.nc,20260821000043,11.367,67.333,2026-08-21
incois/2904082/profiles/R2904082_023.nc,20260820234855,9.667,62.8,2026-08-20
incois/4903972/profiles/R4903972_023.nc,20260820234305,8.754,62.606,2026-08-20
incois/3902753/profiles/R3902753_022.nc,20260820230705,16.473,65.67,2026-08-20
coriolis/4903839/profiles/R4903839_243.nc,20260820223920,21.881,66.808,2026-08-20
incois/7902170/profiles/R7902170_087.nc,20260820213722,0.175,80.429,2026-08-20
bodc/1901898/profiles/R1901898_301.nc,20260820201249,15.125,59.126,2026-08-20
coriolis/3902657/profiles/R3902657_082.nc,20260820184930,20.763,63.876,2026-08-20
incois/5907140/profiles/R5907140_060.nc,20260820142153,6.933,82.833,2026-08-20
incois/7902248/profiles/R7902248_060.nc,20260820141428,11.55,87.467,2026-08-20
incois/6990612/profiles/R6990612_104.nc,20260820141031,13.3,66.65,2026-08-20
coriolis/1902751/profiles/R1902751_139.nc,20260820105140,22.297,65.304,2026-08-20
csio/2902777/profiles/R2902777_242.nc,20260820093000,0.422,90.286,2026-08-20
aoml/1902198/profiles/R1902198_298.nc,20260820092219,4.093,80.123,2026-08-20
aoml/1902455/profiles/R1902455_118.nc,20260820091702,2.087,73.007,2026-08-20
